q,a,c_joined,y,reason
What was the total active user count at the end of Q3 2023?,Active user count was 2.5 million.,"As of September 30, 2023, the platform reported a total of 2.5 million active users, a significant increase from the previous quarter's 2.2 million. Preferred Rewards Platinum tier members using a Bank of America Debit or ATM card are not charged the non-Bank of America ATM fee for one withdrawal and one transfer per statement cycle from a non-Bank of America ATM in the U.S., and receive a refund of the ATM operator fee for one withdrawal and one transfer per statement cycle from a non-Bank of America ATM in the U.S. Preferred Rewards 
---
Management noted that user engagement metrics have also improved, contributing to this growth. Preferred Rewards Platinum tier members using a Bank of America Debit or ATM card are not charged the non-Bank of America ATM fee for one withdrawal and one transfer per statement cycle from a non-Bank of America ATM in the U.S., and receive a refund of the ATM operator fee for one withdrawal and one transfer per statement cycle from a non-Bank of America ATM in the U.S. Preferred Rewards ",1,The user count matches the reported figure in the context.
What is the expected launch date for the new product line?,"The launch is scheduled for April 15, 2024.","Product Roadmap: The new product line is set to launch on April 15, 2024, following extensive testing and validation. Preferred Rewards Platinum tier members using a Bank of America Debit or ATM card are not charged the non-Bank of America ATM fee for one withdrawal and one transfer per statement cycle from a non-Bank of America ATM in the U.S., and receive a refund of the ATM operator fee for one withdrawal and one transfer per statement cycle from a non-Bank of America ATM in the U.S. Preferred Rewards 
---
Marketing plans are already underway to build anticipation for the launch. Preferred Rewards Platinum tier members using a Bank of America Debit or ATM card are not charged the non-Bank of America ATM fee for one withdrawal and one transfer per statement cycle from a non-Bank of America ATM in the U.S., and receive a refund of the ATM operator fee for one withdrawal and one transfer per statement cycle from a non-Bank of America ATM in the U.S. Preferred Rewards ",1,The launch date aligns perfectly with the information provided.
What is the interest rate for the new savings account?,The interest rate is 3.5%.,"Savings Account Overview: The new account offers an attractive interest rate of 3.5%, effective from January 1, 2024. Preferred Rewards Platinum tier members using a Bank of America Debit or ATM card are not charged the non-Bank of America ATM fee for one withdrawal and one transfer per statement cycle from a non-Bank of America ATM in the U.S., and receive a refund of the ATM operator fee for one withdrawal and one transfer per statement cycle from a non-Bank of America ATM in the U.S. Preferred Rewards 
---
This rate is significantly higher than the national average. Preferred Rewards Platinum tier members using a Bank of America Debit or ATM card are not charged the non-Bank of America ATM fee for one withdrawal and one transfer per statement cycle from a non-Bank of America ATM in the U.S., and receive a refund of the ATM operator fee for one withdrawal and one transfer per statement cycle from a non-Bank of America ATM in the U.S. Preferred Rewards ",1,The interest rate stated is explicitly supported by the context.
What is the maximum weight limit for the shipping service?,The maximum weight limit is 50 kg.,"Shipping Policy: The maximum weight limit for packages sent via our service is 50 kg, ensuring safe and reliable delivery. Preferred Rewards Platinum tier members using a Bank of America Debit or ATM card are not charged the non-Bank of America ATM fee for one withdrawal and one transfer per statement cycle from a non-Bank of America ATM in the U.S., and receive a refund of the ATM operator fee for one withdrawal and one transfer per statement cycle from a non-Bank of America ATM in the U.S. Preferred Rewards 
---
Packages exceeding this limit will require special arrangements. Preferred Rewards Platinum tier members using a Bank of America Debit or ATM card are not charged the non-Bank of America ATM fee for one withdrawal and one transfer per statement cycle from a non-Bank of America ATM in the U.S., and receive a refund of the ATM operator fee for one withdrawal and one transfer per statement cycle from a non-Bank of America ATM in the U.S. Preferred Rewards ",1,The weight limit is clearly stated in the shipping policy.
What is the average response time for customer service?,The average response time is 24 hours.,"Customer Service Metrics: The team has improved the average response time to 24 hours, down from 48 hours last year. Preferred Rewards Platinum tier members using a Bank of America Debit or ATM card are not charged the non-Bank of America ATM fee for one withdrawal and one transfer per statement cycle from a non-Bank of America ATM in the U.S., and receive a refund of the ATM operator fee for one withdrawal and one transfer per statement cycle from a non-Bank of America ATM in the U.S. Preferred Rewards 
---
Feedback indicates higher customer satisfaction with this change. Preferred Rewards Platinum tier members using a Bank of America Debit or ATM card are not charged the non-Bank of America ATM fee for one withdrawal and one transfer per statement cycle from a non-Bank of America ATM in the U.S., and receive a refund of the ATM operator fee for one withdrawal and one transfer per statement cycle from a non-Bank of America ATM in the U.S. Preferred Rewards ",1,The response time is accurately reflected in the context.
What is the current price of the premium subscription?,$15 per month.,"Subscription Plans: The premium subscription is currently priced at $15 per month, with discounts available for annual commitments. Preferred Rewards Platinum tier members using a Bank of America Debit or ATM card are not charged the non-Bank of America ATM fee for one withdrawal and one transfer per statement cycle from a non-Bank of America ATM in the U.S., and receive a refund of the ATM operator fee for one withdrawal and one transfer per statement cycle from a non-Bank of America ATM in the U.S. Preferred Rewards 
---
This pricing will be reviewed in Q2 2024. Preferred Rewards Platinum tier members using a Bank of America Debit or ATM card are not charged the non-Bank of America ATM fee for one withdrawal and one transfer per statement cycle from a non-Bank of America ATM in the U.S., and receive a refund of the ATM operator fee for one withdrawal and one transfer per statement cycle from a non-Bank of America ATM in the U.S. Preferred Rewards ",1,The subscription price is directly supported by the context.
What is the completion rate for the training program?,The completion rate is 75%.,"Training Program Review: The latest report shows a completion rate of 75%, which is an improvement from previous cohorts. Preferred Rewards Platinum tier members using a Bank of America Debit or ATM card are not charged the non-Bank of America ATM fee for one withdrawal and one transfer per statement cycle from a non-Bank of America ATM in the U.S., and receive a refund of the ATM operator fee for one withdrawal and one transfer per statement cycle from a non-Bank of America ATM in the U.S. Preferred Rewards 
---
Factors contributing to this increase include enhanced course materials and support. Preferred Rewards Platinum tier members using a Bank of America Debit or ATM card are not charged the non-Bank of America ATM fee for one withdrawal and one transfer per statement cycle from a non-Bank of America ATM in the U.S., and receive a refund of the ATM operator fee for one withdrawal and one transfer per statement cycle from a non-Bank of America ATM in the U.S. Preferred Rewards ",1,The completion rate is explicitly mentioned in the report.
What was the total investment in R&D for 2023?,Total investment was $1 billion.,"Financial Summary: The company allocated a total of $1 billion to research and development in 2023, reflecting its commitment to innovation. Preferred Rewards Platinum tier members using a Bank of America Debit or ATM card are not charged the non-Bank of America ATM fee for one withdrawal and one transfer per statement cycle from a non-Bank of America ATM in the U.S., and receive a refund of the ATM operator fee for one withdrawal and one transfer per statement cycle from a non-Bank of America ATM in the U.S. Preferred Rewards 
---
This investment is aimed at accelerating product development cycles. Preferred Rewards Platinum tier members using a Bank of America Debit or ATM card are not charged the non-Bank of America ATM fee for one withdrawal and one transfer per statement cycle from a non-Bank of America ATM in the U.S., and receive a refund of the ATM operator fee for one withdrawal and one transfer per statement cycle from a non-Bank of America ATM in the U.S. Preferred Rewards ",1,The investment figure is backed by the financial summary.
What is the discount rate for early payment?,The discount rate is 5%.,"Payment Terms: A 5% discount is offered for payments made within 10 days of invoicing. Preferred Rewards Platinum tier members using a Bank of America Debit or ATM card are not charged the non-Bank of America ATM fee for one withdrawal and one transfer per statement cycle from a non-Bank of America ATM in the U.S., and receive a refund of the ATM operator fee for one withdrawal and one transfer per statement cycle from a non-Bank of America ATM in the U.S. Preferred Rewards 
---
This policy aims to encourage timely payments and improve cash flow. Preferred Rewards Platinum tier members using a Bank of America Debit or ATM card are not charged the non-Bank of America ATM fee for one withdrawal and one transfer per statement cycle from a non-Bank of America ATM in the U.S., and receive a refund of the ATM operator fee for one withdrawal and one transfer per statement cycle from a non-Bank of America ATM in the U.S. Preferred Rewards ",1,The discount rate aligns with the payment terms provided.
What is the recommended storage temperature for the product?,The recommended storage temperature is 0-5°C.,"Storage Guidelines: Products should be stored at a temperature range of 0-5°C to maintain optimal quality and efficacy. Preferred Rewards Platinum tier members using a Bank of America Debit or ATM card are not charged the non-Bank of America ATM fee for one withdrawal and one transfer per statement cycle from a non-Bank of America ATM in the U.S., and receive a refund of the ATM operator fee for one withdrawal and one transfer per statement cycle from a non-Bank of America ATM in the U.S. Preferred Rewards 
---
Exceeding this range may affect product performance. Preferred Rewards Platinum tier members using a Bank of America Debit or ATM card are not charged the non-Bank of America ATM fee for one withdrawal and one transfer per statement cycle from a non-Bank of America ATM in the U.S., and receive a refund of the ATM operator fee for one withdrawal and one transfer per statement cycle from a non-Bank of America ATM in the U.S. Preferred Rewards ",1,The storage temperature is clearly stated in the guidelines.
What is the current number of employees?,"The company has 10,000 employees.","Workforce Overview: As of the latest report, the company employs approximately 10,500 individuals, reflecting recent hiring efforts. Preferred Rewards Platinum tier members using a Bank of America Debit or ATM card are not charged the non-Bank of America ATM fee for one withdrawal and one transfer per statement cycle from a non-Bank of America ATM in the U.S., and receive a refund of the ATM operator fee for one withdrawal and one transfer per statement cycle from a non-Bank of America ATM in the U.S. Preferred Rewards 
---
This number includes full-time and part-time staff. Preferred Rewards Platinum tier members using a Bank of America Debit or ATM card are not charged the non-Bank of America ATM fee for one withdrawal and one transfer per statement cycle from a non-Bank of America ATM in the U.S., and receive a refund of the ATM operator fee for one withdrawal and one transfer per statement cycle from a non-Bank of America ATM in the U.S. Preferred Rewards ",0,"The answer states 10,000, but the context indicates 10,500."
What is the maximum allowed budget for travel expenses?,"$2,000 per trip.","Travel Policy: Employees are permitted a maximum budget of $1,500 per trip for travel expenses. Preferred Rewards Platinum tier members using a Bank of America Debit or ATM card are not charged the non-Bank of America ATM fee for one withdrawal and one transfer per statement cycle from a non-Bank of America ATM in the U.S., and receive a refund of the ATM operator fee for one withdrawal and one transfer per statement cycle from a non-Bank of America ATM in the U.S. Preferred Rewards 
---
Requests for higher budgets must be approved by management. Preferred Rewards Platinum tier members using a Bank of America Debit or ATM card are not charged the non-Bank of America ATM fee for one withdrawal and one transfer per statement cycle from a non-Bank of America ATM in the U.S., and receive a refund of the ATM operator fee for one withdrawal and one transfer per statement cycle from a non-Bank of America ATM in the U.S. Preferred Rewards ",0,"The stated budget of $2,000 contradicts the policy."
What is the projected sales figure for Q2 2024?,$8 million.,"Sales Forecast: The company expects sales to reach $6 million in Q2 2024, driven by new product launches. Preferred Rewards Platinum tier members using a Bank of America Debit or ATM card are not charged the non-Bank of America ATM fee for one withdrawal and one transfer per statement cycle from a non-Bank of America ATM in the U.S., and receive a refund of the ATM operator fee for one withdrawal and one transfer per statement cycle from a non-Bank of America ATM in the U.S. Preferred Rewards 
---
This figure is lower than previous quarters due to market conditions. Preferred Rewards Platinum tier members using a Bank of America Debit or ATM card are not charged the non-Bank of America ATM fee for one withdrawal and one transfer per statement cycle from a non-Bank of America ATM in the U.S., and receive a refund of the ATM operator fee for one withdrawal and one transfer per statement cycle from a non-Bank of America ATM in the U.S. Preferred Rewards ",0,The projected sales figure is incorrectly stated as $8 million in the answer.
What is the penalty for late submission of reports?,The penalty is a 10% reduction in pay.,"Reporting Guidelines: Late submission of reports incurs a penalty of a 5% reduction in pay, not 10%. Preferred Rewards Platinum tier members using a Bank of America Debit or ATM card are not charged the non-Bank of America ATM fee for one withdrawal and one transfer per statement cycle from a non-Bank of America ATM in the U.S., and receive a refund of the ATM operator fee for one withdrawal and one transfer per statement cycle from a non-Bank of America ATM in the U.S. Preferred Rewards 
---
This policy aims to encourage timely submissions. Preferred Rewards Platinum tier members using a Bank of America Debit or ATM card are not charged the non-Bank of America ATM fee for one withdrawal and one transfer per statement cycle from a non-Bank of America ATM in the U.S., and receive a refund of the ATM operator fee for one withdrawal and one transfer per statement cycle from a non-Bank of America ATM in the U.S. Preferred Rewards ",0,The penalty stated in the answer is incorrect according to the guidelines.
What is the fee for the express shipping option?,$25.,"Shipping Options: The express shipping fee is set at $15, providing faster delivery times. Preferred Rewards Platinum tier members using a Bank of America Debit or ATM card are not charged the non-Bank of America ATM fee for one withdrawal and one transfer per statement cycle from a non-Bank of America ATM in the U.S., and receive a refund of the ATM operator fee for one withdrawal and one transfer per statement cycle from a non-Bank of America ATM in the U.S. Preferred Rewards 
---
Regular shipping remains at a lower cost of $7. Preferred Rewards Platinum tier members using a Bank of America Debit or ATM card are not charged the non-Bank of America ATM fee for one withdrawal and one transfer per statement cycle from a non-Bank of America ATM in the U.S., and receive a refund of the ATM operator fee for one withdrawal and one transfer per statement cycle from a non-Bank of America ATM in the U.S. Preferred Rewards ",0,The fee for express shipping is incorrectly stated as $25.
What is the expected inflation rate for 2024?,The expected inflation rate is 4%.,"Economic Outlook: Analysts predict an inflation rate of 2.5% for 2024 based on current economic indicators. Preferred Rewards Platinum tier members using a Bank of America Debit or ATM card are not charged the non-Bank of America ATM fee for one withdrawal and one transfer per statement cycle from a non-Bank of America ATM in the U.S., and receive a refund of the ATM operator fee for one withdrawal and one transfer per statement cycle from a non-Bank of America ATM in the U.S. Preferred Rewards 
---
This figure is significantly lower than previous years. Preferred Rewards Platinum tier members using a Bank of America Debit or ATM card are not charged the non-Bank of America ATM fee for one withdrawal and one transfer per statement cycle from a non-Bank of America ATM in the U.S., and receive a refund of the ATM operator fee for one withdrawal and one transfer per statement cycle from a non-Bank of America ATM in the U.S. Preferred Rewards ",0,The expected inflation rate is wrongly quoted as 4%.
What is the maximum loan amount available for personal loans?,"$50,000.","Loan Policy: The maximum amount for personal loans is set at $30,000, with specific conditions for higher amounts. Preferred Rewards Platinum tier members using a Bank of America Debit or ATM card are not charged the non-Bank of America ATM fee for one withdrawal and one transfer per statement cycle from a non-Bank of America ATM in the U.S., and receive a refund of the ATM operator fee for one withdrawal and one transfer per statement cycle from a non-Bank of America ATM in the U.S. Preferred Rewards 
---
Applicants must meet certain criteria to qualify for the maximum loan. Preferred Rewards Platinum tier members using a Bank of America Debit or ATM card are not charged the non-Bank of America ATM fee for one withdrawal and one transfer per statement cycle from a non-Bank of America ATM in the U.S., and receive a refund of the ATM operator fee for one withdrawal and one transfer per statement cycle from a non-Bank of America ATM in the U.S. Preferred Rewards ",0,The maximum loan amount stated is incorrect according to the loan policy.
What is the duration of the warranty on electronic devices?,The warranty lasts for 3 years.,"Warranty Information: Electronic devices come with a standard warranty of 1 year, with options to extend it for an additional fee. Preferred Rewards Platinum tier members using a Bank of America Debit or ATM card are not charged the non-Bank of America ATM fee for one withdrawal and one transfer per statement cycle from a non-Bank of America ATM in the U.S., and receive a refund of the ATM operator fee for one withdrawal and one transfer per statement cycle from a non-Bank of America ATM in the U.S. Preferred Rewards 
---
Customers are advised to keep their receipts for warranty claims. Preferred Rewards Platinum tier members using a Bank of America Debit or ATM card are not charged the non-Bank of America ATM fee for one withdrawal and one transfer per statement cycle from a non-Bank of America ATM in the U.S., and receive a refund of the ATM operator fee for one withdrawal and one transfer per statement cycle from a non-Bank of America ATM in the U.S. Preferred Rewards ",0,The warranty duration is incorrectly stated as 3 years.
